{"cameraMode":{"drawMode":0,"name":"Shaded","section":"Shading Mode"},"sceneLighting":true,"audioPlay":false,"sceneViewState":{"m_AlwaysRefresh":false,"showFog":true,"showSkybox":true,"showFlares":true,"showImageEffects":true,"showParticleSystems":true,"showVisualEffectGraphs":true,"m_FxEnabled":true},"in2DMode":false,"pivot":{"x":-57.512001037597659,"y":-71.58224487304688,"z":-222.3714141845703},"rotation":{"x":0.021267186850309373,"y":-0.9777917265892029,"z":0.16765515506267548,"w":0.12415169179439545},"size":132.2306671142578,"orthographic":false}